,Cyclical,Drug Score,Number of alpha spheres,Mean alpha-sphere radius,Mean alpha-sphere solvent acc,Mean B-factor of pocket residues,Hydrophobicity Score,Polarity Score,Amino Acid based volume Score,Pocket volume (Monte Carlo),Pocket volume (Convex hull),Charge Score,Local hydrophobic density Score,Number of apolar alpha sphere,Proportion of apolar alpha sphere,AS Sequence,Glycine - G,Alanine - A,Leucine - L,Methionine - M,Phenylalanine - F,Tryptophan - W,Lysine - K,Glutamine - Q,Glutamic Acid - E,Serine - S,Proline - P,Valine - V,Isoleucine - I,Cysteine - C,Tyrosine - Y,Histidine - H,Arginine - R,Asparagine - N,Aspartic Acid - D,Threonine - T,Number of residues,Ionisible groups,Phenylalanine,Polar,Non-polar,Charged,Positive charge,Negative charge,Pos/neg charge ratio,Uncharged,Aromatic,Hydrophobic,Small,tiny
A0A059SVB0_3_1,Lina,0.2245,0.9792,146,3.9333,0.4675,0.9296,29.7419,17,4.4839,864.0712,383.671,-4,52.8615,65,GIIWFRDYTIEERFVYDVIRDGGIDDYSGYL,4,0,1,0,2,1,0,0,2,1,0,2,5,0,4,0,3,0,5,1,31,14,2,17,14,10,3,7,0.428571429,20,7,20,13,5
A0A097ZLN9_3_2,Lina,0.1043,0.854,124,3.854,0.4861,0.9063,25.56,15,4.4,616.3616,197.9484,-2,51.8361,61,YIFWIYDDDDDAQASRYKLLCVGSR,1,2,2,0,1,1,1,1,0,2,0,1,2,1,3,0,2,0,5,0,25,12,1,16,10,8,3,5,0.6,15,5,15,12,6
A0A097ZLP5_5_1,Lina,0.3749,0.5278,103,3.7941,0.4717,0.9581,20.1212,23,4.3939,727.3793,365.675,-4,29.5882,34,RDDFYSDYERVHEDCYWLSFDSCYMAGYDSRIT,1,1,1,1,2,1,0,0,2,4,0,1,1,2,5,1,3,0,6,1,33,19,2,25,10,12,4,8,0.5,17,9,18,16,8
A0A097ZLS9_3_6,Lina,-0.0191,0.5157,111,3.8636,0.4643,0.8671,29.4,16,4.68,604.9957,210.266,-1,37.4348,46,DVYSFYKYIVDQDADYRSLCWRVGY,1,1,1,0,1,1,1,1,0,2,0,3,1,1,5,0,2,0,4,0,25,13,1,17,9,7,3,4,0.75,16,7,16,12,5
A0A1C9J6A7_3_1,Limo,0.4218,0.9244,163,3.8352,0.428,0.9485,21.5128,28,4.6667,942.209,542.8689,0,19.6842,38,HRYDDIYWIHTLGRRYDDITIYFSEAEDRYDTVYTGVKR,2,1,1,0,1,1,1,0,2,1,0,2,4,0,6,2,5,0,6,4,39,22,1,28,11,16,8,8,1,22,10,25,16,4
A0A481YAH7_3_1,Limo,0.5202,0.8309,130,3.857,0.4395,0.9198,19,23,4.6129,836.6942,331.804,-1,19.2778,36,FIWITHYDRDLDRDEETKIIYDVRTSYRASN,0,1,1,0,1,1,1,0,2,2,0,1,4,0,3,1,4,1,5,3,31,16,1,23,8,13,6,7,0.857142857,16,6,17,13,3
A0A5B9G8E4_4_3,Lina,0.0892,0.8159,94,3.8751,0.484,0.9454,24.1071,17,4.3929,596.6375,204.6937,-1,36.7179,39,EDDRRTDKWVMTVIFLGAFGSYNYRTDI,2,1,1,1,2,1,1,0,1,1,0,2,2,0,2,0,3,1,4,3,28,11,2,17,11,9,4,5,0.8,18,5,18,14,4
A0A6C0M6B5_5_4,Lina,0.0749,0.7496,118,3.9467,0.5185,0.88,11.3333,19,3.9259,759.3454,218.4812,0,31.7222,36,VLGTSKDNPYRVSWVGDYHTIRDDTSN,2,0,1,0,0,1,1,0,0,3,1,3,1,0,2,1,2,2,4,3,27,10,0,19,8,8,4,4,1,16,4,15,18,5
A7IZZ1_3_1,Limo,0.2417,0.0102,97,3.859,0.4476,0.9502,10.2222,20,4.3333,593.6863,211.9245,-2,9,10,TRRDDEDTYHVALYHLDDIREYKSDLG,1,1,3,0,0,0,1,0,2,1,0,1,1,0,3,2,3,0,6,2,27,17,0,20,7,14,6,8,0.75,12,5,15,12,3
ATY48639_3_6,Lina,0.0143,0.0468,74,4.0202,0.4485,0.9466,25.625,17,4.875,607.3062,134.5598,-1,24,25,DETRRWFLWYISSIAKDDREVFYN,0,1,1,0,2,2,1,0,2,2,0,1,2,0,2,0,3,1,3,1,24,11,2,17,7,9,4,5,0.8,13,6,13,9,3
B0F4G4_1_1,Limo,0.4794,0.9837,119,3.807,0.4501,0.9848,18.5833,18,4.625,583.2131,168.0369,-2,28.8205,39,WMNHRDDILAEDYSERYTIDYSKF,0,1,1,1,1,1,1,0,2,2,0,0,2,0,3,1,2,1,4,1,24,13,1,18,6,10,4,6,0.666666667,12,6,13,9,3
B1NA83_5_1,Lina,0.1746,0.8511,152,3.9772,0.4543,0.774,19.8684,24,4.1579,1261.7135,742.6146,-4,19.6098,41,DADGEFKGYDQMICRDIQSDRYYEMTVITSDLISSYKV,2,1,1,2,1,0,2,2,2,4,0,2,4,1,4,0,2,0,6,2,38,17,1,25,14,12,4,8,0.5,22,5,22,18,8
B1NA84_3_1,Lina,0.225,0.9136,126,3.7751,0.4285,0.8435,23.8276,19,4.5172,720.2431,290.8098,-4,36.2979,47,VWTIDADDLRQDYIIFDEGDSYSYYMKVR,1,1,1,1,1,1,1,1,1,2,0,2,3,0,4,0,2,0,6,1,29,14,1,19,10,10,3,7,0.428571429,17,6,17,13,4
C0KWV5_1_1,Lina,0.2069,0.9715,101,3.8558,0.4449,0.9812,23.963,17,4.4074,642.7019,233.2473,-4,28.875,32,IWLDIDYRADDTEAVYYVEIRSTDFSG,1,2,1,0,1,1,0,0,2,2,0,2,3,0,3,0,2,0,5,2,27,12,1,17,10,9,2,7,0.285714286,16,5,16,14,5
C0KWV7_4_1,Lina,0.2814,0.05,234,3.9085,0.4447,0.9257,22.7619,27,4.4524,1532.9905,1138.8369,-3,23.4203,69,YYERDDTEYITFDKRYADRDIVWINNQYVRGMSSEGVGAFYL,3,2,1,1,2,1,1,1,3,2,0,3,3,0,6,0,4,2,5,2,42,19,2,27,15,13,5,8,0.625,27,9,25,19,7
C0PPR1_4_1,Lina,0.2317,0.2456,106,3.8321,0.4623,0.9605,17.3226,20,4.0968,617.6586,242.3018,-3,29.0323,31,FFFLREDTTYGGGGFTDRHDSIISDREYSDY,4,0,1,0,4,0,0,0,2,3,0,0,2,0,3,1,3,0,5,3,31,14,4,20,11,11,4,7,0.571428571,17,8,18,15,7
F2XF93_3_1,Lina,0.3883,0.0427,163,3.8397,0.458,0.946,24.7576,22,4.3939,893.6879,456.8868,-3,18.0541,37,YESEIDEYAYTYYSFFDWSGIRSRDTYGLRFGG,4,1,1,0,3,1,0,0,3,4,0,0,2,0,6,0,3,0,3,2,33,15,3,22,11,9,3,6,0.5,20,10,20,14,9
F2XFA6_3_1,Lina,0.3784,0.062,157,3.8682,0.48,0.9568,23.2424,22,4.4242,822.2067,385.9255,-4,15.3333,33,EWSTYYFLDGYIDYAFSRREREDYFIGYSGGTD,4,1,1,0,3,1,0,0,3,3,0,0,2,0,6,0,3,0,4,2,33,16,3,22,11,10,3,7,0.428571429,20,10,20,14,8
F8TWD1_3_1,Lina,0.4039,0.9592,224,3.8037,0.4235,0.8602,29.0976,21,4.2927,1546.2594,1519.9851,-4,36.1649,97,FDFEQRYYIVVLWHVALLAGDVIWGPECFGYYSSRDDKEGD,4,2,3,0,3,2,1,1,3,2,1,4,2,1,4,1,2,0,5,0,41,17,3,22,20,12,4,8,0.5,27,10,27,19,9
F8TWD2_4_1,Lina,0.2929,0.8437,91,3.8485,0.437,0.957,23.5517,18,4.4483,646.5164,229.4647,-2,22.0833,24,AERDIAGSDYRDITKREMTWVMLYTNFFD,1,2,1,2,2,1,1,0,2,1,0,1,2,0,2,0,3,1,4,3,29,12,2,18,11,10,4,6,0.666666667,18,5,18,13,4
J7HWK5_3_3,Lina,0.0509,0.9742,112,3.7917,0.4429,0.8947,25.5833,15,4.2917,593.8051,186.8232,-3,48.4138,58,YYYRVWLDQDDRVIVSSGDDVLTA,1,1,2,0,0,1,0,1,0,2,0,4,1,0,3,0,2,0,5,1,24,10,0,15,9,7,2,5,0.4,15,4,14,14,4
O04806_3_1,Limo,0.5935,0.3406,173,3.8388,0.4427,0.951,17.8889,26,4.4722,998.8483,693.9213,-1,21.2273,44,NTIHNISYGDTRDLIMWEDSRYSGYRDYFYKEDRAV,2,1,1,1,1,1,1,0,2,3,0,1,3,0,5,1,4,2,5,2,36,18,1,26,10,13,6,7,0.857142857,20,8,20,16,6
O22340_3_1,Limo,0.1122,0.0192,97,4.0214,0.5092,0.9609,14.7619,15,4.3333,583.8586,158.8059,-2,22.4,25,RCDDYYYSSDLFGRDERTTVV,1,0,1,0,1,0,0,0,1,2,0,2,0,1,3,0,3,0,4,2,21,12,1,16,6,8,3,5,0.6,11,4,11,12,4
P0CV94_3_2,Lina,0.2778,0.9486,76,3.7872,0.4554,0.9158,22.0476,14,4.4762,429.617,86.66,-4,33.9474,38,WLQDEDSRSVCVIVYLYDEDR,0,0,2,0,0,1,0,1,2,2,0,3,1,1,2,0,2,0,4,0,21,11,0,15,7,8,2,6,0.333333333,11,3,10,10,3
P0CV95_3_1,Lina,0.1678,0.9789,98,3.7455,0.4504,0.9115,21.0455,14,4.3182,543.4548,152.1139,-4,39.2889,45,DDYSYVWVLIDQERDVRSLCGE,1,0,2,0,0,1,0,1,2,2,0,3,1,1,2,0,2,0,4,0,22,11,0,15,8,8,2,6,0.333333333,12,3,11,11,4
Q1XBU5_4_2,Lina,0.0955,0.1072,139,3.8624,0.4528,0.9408,21.9706,23,4.6471,1069.3369,582.9377,-2,17.9535,43,IVIIFIYSDYDRAHYDETDGWDSYMRSVNIRERE,1,1,0,1,1,1,0,0,3,3,0,2,5,0,4,1,4,1,5,1,34,17,1,23,11,13,5,8,0.625,18,7,18,14,5
Q20HU7_5_2,Limo,0.1439,0.114,121,3.8739,0.4272,0.8923,24.2258,20,4.3226,867.0438,375.9156,-3,21.6364,44,DREDEDISCRAFYLYANRCYYSLSYLWADSG,1,3,3,0,1,1,0,0,2,4,0,0,1,2,5,0,3,1,4,0,31,16,1,22,11,9,3,6,0.5,18,7,17,15,10
Q2XSC5_5_7,Lina,0.0735,0.0102,162,3.9719,0.4516,0.6687,5.3824,27,4.4412,1416.6522,742.7701,-4,18.6667,42,YRDDDEIERSIRGSEWDTTRFNGETRSDNMYIYD,2,0,0,1,1,1,0,0,4,3,0,0,3,0,3,0,5,2,6,3,34,18,1,27,7,15,5,10,0.5,16,5,14,16,5
Q40322_1_1,Limo,0.3668,0.9321,121,3.7805,0.4576,0.9842,18.5833,18,4.625,598.7474,170.6598,-2,27.5714,42,DFYAEDITYEKHNRRDDMWYILSS,0,1,1,1,1,1,1,0,2,2,0,0,2,0,3,1,2,1,4,1,24,13,1,18,6,10,4,6,0.666666667,12,6,13,9,3
Q5SBP3_3_1,Lina,0.1402,0.3456,220,3.9276,0.4658,0.8323,29.1905,25,4.5476,1372.6458,1155.5928,-5,29.1351,74,TREYRDRDYDAREVTFDGWWIFMDYVLVGFTEETASMLMYGY,3,2,2,3,3,2,0,0,4,1,0,3,1,0,5,0,4,0,5,4,42,18,3,25,17,13,4,9,0.444444444,28,10,28,18,6
Q675L1_4_2,Limo,0.1575,0.0254,140,3.95,0.5181,0.9539,23.1935,20,4.3871,854.4597,317.7329,-4,15.2121,33,SLLTFDYEAEDIRDNYAYSDCGRRDYCLAYW,1,3,3,0,1,1,0,0,2,2,0,0,1,2,5,0,3,1,5,1,31,17,1,22,11,10,3,7,0.428571429,19,7,18,15,8
Q675L2_3_1,Lina,0.1815,0.0127,95,3.8484,0.4666,0.9456,19.8571,18,4.1429,592.4611,175.6369,-1,12.6667,15,FYYDRTRFFDSELIGAATGSDHYRGDSY,3,2,1,0,3,0,0,0,1,3,0,0,1,0,4,1,3,0,4,2,28,13,3,18,10,9,4,5,0.8,16,8,17,14,8
Q6F5H2_3_1,Limo,0.4435,0.7924,141,3.871,0.4274,0.9129,22.0606,24,4.6667,910.967,427.5783,-1,19.8919,37,RAKREDVSVDDISYREYDRDHFTYNTIWITYLI,0,1,1,0,1,1,1,0,2,2,0,2,4,0,4,1,4,1,5,3,33,17,1,24,9,13,6,7,0.857142857,18,7,19,14,3
Q6F5H3_4_1,Limo,0.4887,0.8425,152,3.7071,0.4195,0.9469,18.6053,28,4.6842,889.3106,723.0547,-1,16.2,40,DGRHRYTYDDVYADERRTDDYSIHFSYDKRELWVYVVI,1,1,1,0,1,1,1,0,2,2,0,4,2,0,6,2,5,0,7,2,38,23,1,28,10,17,8,9,0.888888889,19,10,22,17,4
Q6ZH94_3_2,Lina,0.1812,0.9593,183,3.8215,0.4551,0.7881,11.8421,23,4,1313.8242,1017.8976,-4,39.5211,71,VVMWRYEYKDSEALSDGVAPVDYGSVFKRDRTDQGEDG,4,2,1,1,1,1,2,1,3,3,1,5,0,0,3,0,3,0,6,1,38,17,1,23,15,14,5,9,0.555555556,21,5,21,22,9
Q84UV0_3_1,Lina,0.1361,0.8385,185,3.8425,0.4546,0.812,25.8462,24,4.4103,1400.0419,1144.4824,-6,28.2623,61,GNFLEALFYDDDNQTDGVDEYYKEDYRRSVWLSVYIIVI,2,1,3,0,2,1,1,1,3,2,0,4,3,0,5,0,2,2,6,1,39,17,2,24,15,12,3,9,0.333333333,25,8,23,18,5
Q8H2B4_1_1,Lina,0.2871,0.262,160,3.814,0.4317,0.9352,21.4722,24,4.5278,1004.1808,563.8247,-3,24.0816,49,RDRTWYNYIDDEVRGTYDTIMEDYFLAIYAVGESKR,2,2,1,1,1,1,1,0,3,1,0,2,3,0,5,0,4,1,5,3,36,18,1,24,12,13,5,8,0.625,22,7,22,16,5
Q8L5K1_5_1,Limo,0.2094,0.4388,89,3.9661,0.4716,0.9676,22.8261,17,4.6957,491.6222,86.66,-2,21.9167,24,IDYISTTYFWILIHDEKRDRTDE,0,0,1,0,1,1,1,0,2,1,0,0,4,0,2,1,2,0,4,3,23,12,1,17,6,10,4,6,0.666666667,12,5,14,8,1
Q8L5K3_3_1,Limo,0.4975,0.4308,131,3.9007,0.4313,0.9133,18.0938,24,4.5938,880.0097,313.2303,-1,19.0857,35,DEDRDRTITIDTYVILWFRSAQYHISRDKEYN,0,1,1,0,1,1,1,1,2,2,0,1,4,0,3,1,4,1,5,3,32,16,1,24,8,13,6,7,0.857142857,17,6,17,13,3
Q940E7_3_1,Limo,0.1552,0.1792,140,3.9872,0.4769,0.9439,13.2424,25,4.2727,943.3145,428.8784,-1,23.8,40,IIVVWYLHYSLDDRTRESTSEDRSEDTKRGYGN,2,0,2,0,0,1,1,0,3,4,0,2,2,0,3,1,4,1,4,3,33,16,0,25,8,13,6,7,0.857142857,16,5,17,16,6
Q9AXM7_3_1,Limo,0.4061,0.4123,159,3.8468,0.4564,0.9486,13.6364,25,4.3939,935.9306,549.5903,0,24.3404,47,ISQSIYIMNWHRDKDEYLYDYGNRAGRESRDTT,2,1,1,1,0,1,1,1,2,3,0,0,3,0,4,1,4,2,4,2,33,16,0,25,8,12,6,6,1,18,6,17,14,6
Q9FUW5_1_1,Limo,0.2213,0.592,93,3.9602,0.4858,0.9834,20.2273,16,4.5909,471.587,97.2237,-2,25.3333,27,DEDKDRYHDEYIVIWLVSRLTS,0,0,2,0,0,1,1,0,2,2,0,2,2,0,2,1,2,0,4,1,22,12,0,16,6,10,4,6,0.666666667,10,4,12,9,2
Q9SPN0_1_4,Lina,0.1024,0.4852,242,3.9597,0.4534,0.8267,24.7391,28,4.4783,1864.8433,1576.8311,-4,35.8,80,LDERGDFRWYAAINEATYEFIMLLDDADYYEDLNFIKTYRGSIKRS,2,4,4,1,3,1,2,0,4,2,0,0,4,0,5,0,4,2,6,2,46,21,3,28,18,16,6,10,0.6,28,9,28,18,8
Q9SPN1_2_22,Lina,-0.0966,0.502,280,3.9506,0.4603,0.8588,19.1667,32,4.3958,2028.9454,1585.4875,-5,43.9626,107,IDYDRTELKEDEAISRIMSMTFRDYRSEAYDANPEDWNIVAYKTSYFL,0,4,2,2,2,1,2,0,5,4,1,1,4,0,5,0,4,2,6,3,48,22,2,32,16,17,6,11,0.545454545,27,8,26,21,8
Q9SW76_2_1,Limo,0.6158,0.9063,120,3.8265,0.4532,0.9742,18.5833,18,4.625,586.2366,158.3754,-2,21.5429,35,DAEIDSRYISYFDYMHNTLDKERW,0,1,1,1,1,1,1,0,2,2,0,0,2,0,3,1,2,1,4,1,24,13,1,18,6,10,4,6,0.666666667,12,6,13,9,3
R4YVJ5_3_1,Limo,0.15,0.1891,91,3.9317,0.4537,0.9601,13.1667,19,4.6667,548.8926,132.5195,-1,26,27,HWYIDTMFNRDTREKDLMSYDSER,0,0,1,2,1,1,1,0,2,2,0,0,1,0,2,1,3,1,4,2,24,13,1,19,5,11,5,6,0.833333333,11,5,12,9,2
U5PZT6_3_1,Lina,0.3374,0.817,122,3.9537,0.494,0.9589,13.3103,23,4.3103,700.5098,243.1544,-1,33.8974,39,IVYSYDTISYWWNRGSGDINNTSRDEREK,2,0,0,0,0,2,1,0,2,4,0,1,3,0,3,0,3,3,3,2,29,12,0,23,6,9,4,5,0.8,16,5,14,15,6
